the,le,IL,Die,el,zhè
of,de,Di,von,de,zhī
to,à,A,Zu,a,zì
and,et,E,Und,y,hé
a,un,UN,A,a,yígè
in,dans,In,In,en,zài
is,est,È,Ist,es,shì
it,il,Esso,Es,él,tā
you,toi,Voi,Du,tú,nǐ
that,que,Quello,Das,eso,nà
he,il,Lui,Er,él,tā
was,était,era,War,era,shì
for,pour,per,für,para,wéi
on,sur,SU,An,en,shàng
are,sont,Sono,Sind,son,shì
with,avec,con,mit,con,gēn
as,comme,COME,als,como,rú
I,je,IO,ICH,I,wǒ
his,son,il suo,sein,su,tā
they,ils,Essi,Sie,ellos,tāmen
be,être,Essere,Sei,ser,shì
at,à,A,bei,en,zài
one,un,uno,eins,uno,yì
have,avoir,Avere,haben,tener,yǒu
this,ce,Questo,Das,este,zhè
from,depuis,da,aus,de,cóng
or,ou,O,oder,o,huò
had,avait,avevo,hatte,tenía,yǒu
by,par,di,von,por,yóu
not,pas,non,nicht,no,bù
word,mot,parola,Wort,palabra,cí
but,mais,Ma,Aber,pero,dàn
what,quoi,Che cosa,Was,qué,shénme
some,quelques,Alcuni,manche,alguno,yìxiē
we,nous,Noi,Wir,nosotros,wǒmen
can,peut,Potere,dürfen,poder,néng
out,dehors,fuori,aus,afuera,wài
other,autre,altro,andere,otro,qítā
were,étaient,erano,war,eran,shì
all,tous,Tutto,alle,todo,dōu
there,là,Là,Dort,allá,nàlǐ
when,quand,Quando,Wann,cuando,shénmeshíhòu
up,en haut,su,hoch,arriba,xiàngshàng
use,utiliser,utilizzo,verwenden,usar,yòng
your,ton,tuo,dein,su,nǐ
how,comment,Come,Wie,cómo,rúhé
said,dit,disse,sagte,dicho,shuō
an,un,UN,ein,un,yì
each,chaque,ogni,jede,cada,měi
she,elle,Lei,sie,ella,tā
which,lequel,Quale,welche,cual,nǎ
do,faire,Fare,Tun,hacer,zuò
their,leur,loro,ihre,su,tāmen
time,temps,tempo,Zeit,tiempo,shíjiān
if,si,Se,Wenn,si,rúguǒ
will,volonté,Volere,Wille,voluntad,jiāng
way,chemin,modo,Weg,forma,dàolù
about,à propos,Di,um,acerca de,dàyuē
many,beaucoup,molti,viele,muchos,duō
then,alors,Poi,Dann,entonces,ránhòu
them,eux,loro,ihnen,a ellos,tāmen
write,écrire,scrivere,schreiben,escribir,xiě
would,serait,volevo,würde,haría,yuànyì
like,comme,Piace,wie,como,xǐhuan
so,donc,COSÌ,Also,entonces,suǒyǐ
these,ces,questi,diese,estos,zhèxiē
her,son,suo,ihr,su,tā
long,long,lungo,lang,largo,cháng
make,faire,Fare,machen,hacer,zuò
thing,chose,cosa,Ding,cosa,dōngxī
see,voir,Vedere,sehen,ver,kàn
him,lui,lui,ihn,a él,tā
two,deux,due,zwei,dos,èr
has,a,ha,hat,tiene,yǒu
look,regarder,Aspetto,sehen,mirar,kàn
more,plus,Di più,mehr,más,gèngduō
day,jour,giorno,Tag,día,rì
could,pourrait,Potevo,könnte,podría,néng
go,aller,andare,gehen,ir,qù
come,viens,Venire,kommen,venir,lái
did,a fait,fatto,tat,hizo,zuòdào le
number,nombre,numero,Nummer,número,shù
sound,son,suono,Klang,sonido,shēngyīn
no,Non,NO,NEIN,No,bù
most,la plupart,maggior parte,am meisten,mayoría,zuì
people,personnes,persone,Menschen,gente,rén
my,mon,Mio,Mein,mi,wǒ
over,sur,Sopra,über,encima,duō
know,savoir,Sapere,wissen,saber,zhīdào
water,eau,acqua,Wasser,agua,shuǐ
than,que,di,als,que,bǐ
call,appel,chiamata,Anruf,llamar,jiào
first,d'abord,Primo,Erste,primero,dìyī
who,OMS,Chi,WHO,OMS,shuí
may,peut,Maggio,Mai,puede,wǔyuè
down,vers le bas,giù,runter,abajo,xià
side,côté,lato,Seite,lado,biān
been,a été,stato,gewesen,estado,yìzhí
now,maintenant,Ora,Jetzt,ahora,xiànzài
find,trouver,Trovare,finden,encontrar,zhǎodào
any,n'importe lequel,Qualunque,beliebig,cualquier,rènhé
new,nouveau,nuovo,neu,nuevo,xīnzēng gōngnéng
work,travail,lavoro,arbeiten,trabajar,gōngzuò
part,partie,parte,Teil,parte,bùfen
take,prendre,Prendere,nehmen,llevar,ná
get,obtenir,Ottenere,erhalten,conseguir,huòqǔ
place,lieu,posto,Ort,lugar,dìfāng
made,fait,fatto,gemacht,hecho,䍬
live,en direct,vivere,live,vivir,zhù
where,où,Dove,Wo,dónde,nǎlǐ
after,après,Dopo,nach,después,hòu
back,dos,Indietro,zurück,atrás,fǎnhuí
little,petit,poco,wenig,pequeño,xiǎo
only,seulement,soltanto,nur,solo,zhǐ
round,rond,girare,runden,redondo,yuán
man,homme,Uomo,Mann,hombre,nánrén
year,année,anno,Jahr,año,nián
came,est venu,venni,kam,vino,lái
show,montrer,spettacolo,zeigen,espectáculo,xiǎnshì
every,chaque,ogni,jeden,cada,měi
good,bien,Bene,Gut,bien,hǎo
me,moi,Me,Mich,a mí,wǒ
give,donner,Dare,geben,dar,gěi
our,notre,Nostro,unser,nuestro,wǒmen
under,sous,Sotto,unter,bajo,xià
name,nom,nome,Name,nombre,míngzì
very,très,molto,sehr,muy,fēicháng
through,à travers,Attraverso,durch,a través de,tōngguò
just,juste,Appena,Nur,justo,zhǐ
form,formulaire,modulo,bilden,forma,xíngshì
sentence,phrase,frase,Satz,oración,jù
great,super,Grande,Großartig,excelente,wěidà
think,pense,pensare,denken,pensar,xiǎng
say,dire,Dire,sagen,decir,shuō
help,aide,aiuto,helfen,ayuda,bāngzhù
low,faible,Basso,niedrig,bajo,dī
line,doubler,linea,Linie,línea,xiàn
differ,différer,differire,abweichen,diferir de,bùtóng
turn,tourner,giro,drehen,doblar,zhuǎn
cause,cause,causa,Ursache,causa,yuányīn
much,beaucoup,tanto,viel,mucho,duō
mean,signifier,Significare,bedeuten,significar,yìwèi zhe
before,avant,Prima,Vor,antes,yǐqián
move,se déplacer,mossa,bewegen,mover,yídòng
right,droite,Giusto,Rechts,bien,yòu
boy,garçon,ragazzo,Junge,chico,nánhái
old,vieux,vecchio,alt,viejo,lǎo
too,aussi,pure,zu,también,tài
same,même,Stesso,Dasselbe,mismo,xiāngtóng
tell,dire,raccontare,erzählen,decir,gàosù
does,fait,fa,tut,hace,quèshí rúcǐ
set,ensemble,impostato,Satz,colocar,shèzhì
three,trois,tre,drei,tres,sān
want,vouloir,Volere,wollen,desear,yào
air,air,aria,Luft,aire,kōngqì
well,Bien,BENE,Also,Bueno,jǐng
also,aussi,Anche,Auch,también,yě
play,jouer,giocare,spielen,jugar,wán
small,petit,piccolo,klein,pequeño,xiǎo
end,fin,FINE,Ende,fin,jiéshù
put,mettre,Mettere,setzen,poner,fàng
home,maison,casa,heim,hogar,jiā
read,lire,Leggere,lesen,leer,dú
hand,main,mano,Hand,mano,shǒu
port,port,porta,Hafen,puerto,gǎngkǒu
large,grand,grande,groß,grande,dà
spell,épeler,sillabare,Fluch,deletrear,pīnxiě
add,ajouter,aggiungere,hinzufügen,agregar,jiā
even,même,Anche,sogar,incluso,shènzhì
land,atterrir,terra,Land,tierra,tǔdì
here,ici,Qui,Hier,aquí,zhèlǐ
must,doit,dovere,muss,debe,bìxū
big,grand,grande,groß,grande,dà
high,haut,alto,hoch,alto,gāo
such,tel,come,solch,semejante,zhèyàng
follow,suivre,seguire,folgen,seguir,gēnsuí
act,acte,atto,Akt,acto,zuò
why,pourquoi,Perché,Warum,por qué,wèishénme
ask,demander,chiedere,fragen,preguntar,wèn
men,Hommes,uomini,Männer,hombres,nánrén
change,changement,modifica,ändern,cambiar,gǎibiàn
went,est allé,andato,ging,fue,qù
light,lumière,leggero,Licht,luz,guāng
kind,gentil,Tipo,Art,amable,lèi
off,désactivé,spento,aus,apagado,guānbì
need,besoin,Bisogno,brauchen,necesidad,xūyào
house,maison,casa,Haus,casa,fángzi
picture,image,immagine,Bild,imagen,túpiàn
try,essayer,Tentativo,versuchen,intentar,chángshì
us,nous,noi,uns,a nosotros,wǒmen
again,encore,Ancora,wieder,de nuevo,zài
animal,animal,animale,Tier,animal,dòngwù
point,indiquer,punto,Punkt,punto,diǎn
mother,mère,madre,Mutter,madre,māmā
world,monde,mondo,Welt,mundo,shìjiè
near,près,vicino,nahe,cerca,jìn
build,construire,costruire,bauen,construir,jiàn
self,soi,se stesso,selbst,ser,zìwǒ
earth,Terre,terra,Erde,tierra,dìqiú
father,père,padre,Vater,padre,bàba
head,tête,Testa,Kopf,cabeza,tóu
stand,rester,in piedi,Stand,pararse,zhàn
own,propre,Proprio,eigen,propio,yǒu
page,page,pagina,Seite,página,yè
should,devrait,Dovrebbe,sollen,debería,yīnggāi
country,pays,Paese,Land,país,guójiā
found,trouvé,trovato,gefunden,encontró,fāxiàn
answer,répondre,risposta,Antwort,respuesta,dá
school,école,scuola,Schule,escuela,xuéxiào
grow,grandir,crescere,wachsen,crecer,chéngzhǎng
study,étude,studio,Studie,estudiar,yánjiū
still,toujours,Ancora,Trotzdem,aún,hái
learn,apprendre,Imparare,lernen,aprender,xuéxí
plant,usine,pianta,Anlage,planta,zhíwù
cover,couverture,copertina,Abdeckung,cubrir,gài
food,nourriture,cibo,Essen,alimento,shíwù
sun,soleil,sole,Sonne,sol,tàiyáng
four,quatre,quattro,vier,cuatro,sì
between,entre,fra,zwischen,entre,zhījiān
state,État,stato,Zustand,estado,zhōu
keep,garder,Mantenere,halten,mantener,bǎochí
eye,œil,occhio,Auge,ojo,yǎnjīng
never,jamais,Mai,niemals,nunca,cóngbù
last,dernier,scorso,zuletzt,último,zuìhòu
let,laisser,permettere,lassen,dejar,ràng
thought,pensée,Pensiero,Gedanke,pensamiento,sīxiǎng
city,ville,città,Stadt,ciudad,chéngshì
tree,arbre,albero,Baum,árbol,shù
cross,croix,attraverso,kreuzen,cruz,dù
farm,ferme,azienda agricola,Bauernhof,granja,nóngchǎng
hard,dur,difficile,hart,duro,yìng
start,commencer,inizio,Start,comenzar,kāishǐ
might,pourrait,Potrebbe,könnte,podría,kěnéng
story,histoire,storia,Geschichte,historia,gùshi
saw,scie,sega,gesehen,sierra,jù
far,loin,lontano,weit,lejos,yuǎn
sea,mer,mare,Meer,mar,hǎi
draw,dessiner,disegno,ziehen,dibujar,huà
left,gauche,Sinistra,links,izquierda,zuǒ
late,en retard,tardi,spät,tarde,wǎn
run,courir,correre,laufen,correr,pǎo
don't,ne le faites pas,non,nicht,no,búyào
while,alors que,Mentre,während,mientras,ér
press,presse,premere,Drücken Sie,prensa,yā
close,fermer,vicino,schließen,cerca,guānbì
night,nuit,notte,Nacht,noche,wǎnshang
real,réel,vero,real,real,zhēnzhèng
life,vie,vita,Leben,vida,shēngmìng
few,peu,pochi,wenige,pocos,shào
north,nord,nord,Norden,norte,běi
open,ouvrir,aprire,offen,abierto,dǎkāi
seem,sembler,sembrare,erscheinen,parecer,sìhū
together,ensemble,insieme,zusammen,juntos,yìqǐ
next,suivant,Prossimo,nächste,próximo,xiàyígè
white,blanc,bianco,Weiß,blanco,bái
children,enfants,bambini,Kinder,niños,háizi
begin,commencer,inizio,beginnen,comenzar,kāishǐ
got,a obtenu,avuto,bekommen,consiguió,yǒu
walk,marcher,camminare,gehen,caminar,zǒu
example,exemple,esempio,Beispiel,ejemplo,lì
ease,facilité,sollievo,Leichtigkeit,facilidad,huǎnjiě
paper,papier,carta,Papier,papel,zhǐ
group,groupe,gruppo,Gruppe,grupo,qún
always,toujours,Sempre,stets,siempre,zǒngshì
music,musique,musica,Musik,música,yīnyuè
those,ceux,quelli,diese,aquellos,nàxiē
both,les deux,Entrambi,beide,ambos,shuāng
mark,marque,segno,markieren,marca,mǎkè
often,souvent,Spesso,oft,a menudo,jīngcháng
letter,lettre,lettera,Brief,carta,xìn
until,jusqu'à,Fino a,bis,hasta,zhídào
mile,mile,miglio,Meile,milla,yīnglǐ
river,rivière,fiume,Fluss,río,hé
car,voiture,auto,Auto,auto,qìchē
feet,pieds,piedi,Füße,pies,jiǎo
care,se soucier,cura,Pflege,cuidado,guānxīn
second,deuxième,secondo,zweite,segundo,dìèr
book,livre,libro,Buch,libro,shū
carry,porter,trasportare,tragen,llevar,tái
took,a pris,preso,nahm,tomó,cǎiqǔ le
science,science,scienza,Wissenschaft,ciencia,kēxué
eat,manger,mangiare,essen,comer,chī
room,chambre,camera,Zimmer,habitación,fángjiān
friend,ami,amico,Freund,amigo,péngyou
began,a commencé,iniziò,begann,comenzó,kāishǐ
idea,idée,idea,Idee,idea,xiǎngfǎ
fish,poisson,pescare,Fisch,pez,yú
mountain,montagne,montagna,Berg,montaña,shān
stop,arrêt,fermare,stoppen,detener,tíng
once,une fois,una volta,einmal,una vez,yícì
base,base,base,Base,base,jīchǔ
hear,entendre,ascoltare,hören,escuchar,tīngjiàn
horse,cheval,cavallo,Pferd,caballo,mǎ
cut,couper,taglio,schneiden,cortar,qiē
sure,bien sûr,Sicuro,Sicher,seguro,quèdìng
watch,montre,orologio,betrachten,mirar,kàn
color,couleur,colore,Farbe,color,yánsè
face,affronter,viso,Gesicht,rostro,liǎn
wood,bois,legna,Holz,madera,mù
main,principal,principale,hauptsächlich,principal,zhǔyào
enough,assez,Abbastanza,genug,suficiente,zúgòu
plain,plaine,pianura,schmucklos,plano,píngyuán
girl,fille,ragazza,Mädchen,chica,nǚhái
usual,habituel,solito,üblich,habitual,tōngcháng
young,jeune,giovane,jung,joven,niánqīng
ready,prêt,pronto,bereit,listo,zhǔnbèi
above,au-dessus de,Sopra,über,arriba,yǐshàng
ever,jamais,mai,immer,alguna vez,céng
red,rouge,rosso,Rot,rojo,hóng
list,liste,elenco,Liste,lista,lièbiǎo
though,cependant,Anche se,obwohl,aunque,suīrán
feel,sentir,Tatto,fühlen,sentir,gǎnjué
talk,parler,parlare,sprechen,hablar,shuōhuà
bird,oiseau,uccello,Vogel,pájaro,niǎo
soon,bientôt,Presto,bald,pronto,hěnkuài
body,corps,corpo,Körper,cuerpo,shēntǐ
dog,chien,cane,Hund,perro,gǒu
family,famille,famiglia,Familie,familia,jiātíng
direct,direct,diretto,Direkte,directo,zhíjiē
pose,pose,posa,Pose,pose,zīshì
leave,partir,Partire,verlassen,dejar,líkāi
song,chanson,canzone,Lied,canción,gē
measure,mesure,misurare,messen,medida,liàng
door,porte,porta,Tür,puerta,mén
product,produit,Prodotto,Produkt,producto,chǎnpǐn
black,noir,nero,Schwarz,negro,hēi
short,court,corto,kurz,corto,duǎn
numeral,numéral,numero,Ziffer,número,shùzì
class,classe,classe,Klasse,clase,lèi
wind,vent,vento,Wind,viento,fēng
question,question,domanda,Frage,pregunta,wèntí
happen,arriver,accadere,passieren,suceder,fāshēng
complete,complet,completare,vollständig,completo,wánchéng
ship,bateau,nave,Schiff,barco,chuán
area,zone,la zona,Bereich,área,miànjī
half,moitié,metà,Hälfte,medio,bàn
rock,rocher,roccia,Felsen,roca,yánshí
order,commande,ordine,Befehl,orden,cìxù
fire,feu,fuoco,Feuer,fuego,huǒzāi
south,sud,Sud,Süd,sur,nán
problem,problème,problema,Problem,problema,wèntí
piece,morceau,pezzo,Stück,pedazo,kuài
told,dit,detto,erzählt,dijo,gàosù
knew,savait,sapevo,wusste,sabía,zhīdào
pass,passer,passaggio,passieren,aprobar,tōngguò
since,depuis,Da,seit,desde,yīnwéi
top,haut,superiore,Spitze,arriba,fǎnhuí yè shǒu
whole,entier,Totale,ganz,entero,zhěnggè
king,roi,re,König,rey,wáng
space,espace,spazio,Raum,espacio,kōngjiān
heard,entendu,sentito,gehört,escuchó,tīngdào
best,meilleur,migliore,am besten,mejor,zuìhǎo
hour,heure,ora,Stunde,hora,xiǎoshí
better,mieux,Meglio,besser,mejor,gènghǎo
TRUE,VRAI,VERO,WAHR,VERDADERO,zhēn
during,pendant,durante,während,durante,zài
hundred,cent,centinaio,hundert,centenar,bǎi
five,cinq,cinque,fünf,cinco,wǔ
remember,souviens-toi,Ricordare,erinnern,recordar,jìde
step,étape,fare un passo,Schritt,paso,bù
early,tôt,Presto,früh,temprano,zǎo
hold,prise,Presa,halten,sostener,ná
west,Ouest,ovest,Westen,Oeste,xī
ground,sol,terra,Boden,suelo,de
interest,intérêt,interesse,Interesse,interés,lìxī
reach,atteindre,portata,erreichen,alcanzar,dádào
fast,rapide,veloce,schnell,rápido,kuài
verb,verbe,verbo,Verb,verbo,dòngcí
sing,chanter,cantare,singen,cantar,chàng
listen,écouter,Ascoltare,Hören,escuchar,tīng
six,six,sei,sechs,seis,liù
table,tableau,tavolo,Tisch,mesa,zhuōzi
travel,voyage,viaggio,reisen,viajar,lǚxíng
less,moins,meno,weniger,menos,shào
morning,matin,Mattina,Morgen,mañana,shàngwǔ
ten,dix,dieci,zehn,diez,shí
simple,simple,semplice,einfach,simple,jiǎndān
several,plusieurs,parecchi,mehrere,varios,jǐgè
vowel,voyelle,vocale,Vokal,vocal,yuányīn
toward,vers,verso,zu,hacia,cháo
war,guerre,guerra,Krieg,guerra,zhànzhēng
lay,poser,posizione,legen,poner,tǎng
against,contre,contro,gegen,contra,duì
pattern,modèle,modello,Muster,patrón,móshì
slow,lent,lento,langsam,lento,màn
center,centre,centro,Center,centro,zhōngxīn
love,amour,Amore,Liebe,amar,ài
person,personne,persona,Person,persona,rén
money,argent,soldi,Geld,dinero,qián
serve,servir,servire,Aufschlag,atender,fúwù
appear,apparaître,apparire,erscheinen,aparecer,chūxiàn
road,route,strada,Straße,camino,lù
map,carte,carta geografica,Karte,mapa,dìtú
rain,pluie,piovere,Regen,lluvia,yǔ
rule,règle,regola,Regel,regla,tǒngzhì
govern,gouverne,governare,regieren,gobernar,zhìlǐ
pull,tirer,tiro,ziehen,jalar,lā
cold,froid,Freddo,kalt,frío,lěng
notice,avis,avviso,beachten,aviso,tōngzhī
voice,voix,voce,Stimme,voz,shēngyīn
unit,unité,unità,Einheit,unidad,dānwèi
power,pouvoir,energia,Leistung,fuerza,quánlì
town,ville,città,Stadt,ciudad,zhèn
fine,bien,Bene,Bußgeld,bien,hǎo
certain,certain,certo,bestimmt,cierto,yídìng
fly,voler,volare,Fliege,volar,fēi
fall,automne,autunno,fallen,caer,qiūtiān
lead,plomb,Guida,führen,dirigir,qiān
cry,pleurer,gridare,weinen,llorar,kū
dark,sombre,buio,dunkel,oscuro,hēiàn
machine,machine,macchina,Maschine,máquina,jīqì
note,note,Nota,Notiz,nota,zhùyì
wait,attendez,Aspettare,Warten,esperar,děng
plan,plan,piano,planen,plan,jìhuà
figure,chiffre,figura,Figur,cifra,shùzì
toward,étoile,stella,Stern,estrella,cháo
war,boîte,scatola,Kasten,caja,zhànzhēng
lay,nom,sostantivo,Substantiv,sustantivo,tǎng
against,champ,campo,Feld,campo,duì
pattern,repos,riposo,ausruhen,descansar,móshì
slow,correct,corretto,richtig,correcto,màn
center,capable,capace,fähig,capaz,zhōngxīn
love,livre,libbra,Pfund,libra,ài
person,fait,Fatto,Erledigt,hecho,rén
money,beauté,bellezza,Schönheit,belleza,qián
serve,conduire,guidare,fahren,conducir,fúwù
appear,se trouvait,stava in piedi,stand,permaneció,chūxiàn
road,contenir,contenere,enthalten,contener,lù
map,devant,davanti,Vorderseite,frente,dìtú
rain,enseigner,insegnare,unterrichten,enseñar,yǔ
rule,semaine,settimana,Woche,semana,tǒngzhì
govern,final,finale,Finale,final,zhìlǐ
pull,a donné,ha dato,gab,dio,lā
cold,vert,verde,Grün,verde,lěng
notice,Oh,OH,Oh,Vaya,tōngzhī
voice,rapide,presto,schnell,rápido,shēngyīn
unit,développer,sviluppare,entwickeln,desarrollar,dānwèi
power,océan,oceano,Ozean,océano,quánlì
town,chaud,Caldo,warm,cálido,zhèn
fine,gratuit,gratuito,frei,gratis,hǎo
certain,minute,minuto,Minute,minuto,yídìng
fly,fort,forte,stark,fuerte,fēi
fall,spécial,speciale,besonders,especial,qiūtiān
lead,esprit,mente,Geist,mente,qiān
behind,derrière,dietro,hinter,detrás,hòu
clear,clair,chiaro,klar,claro,qīngchǔ
tail,queue,coda,Schwanz,cola,wěiba
produce,produire,produrre,produzieren,producir,shēngchǎn
fact,fait,fatto,Tatsache,hecho,shìshí
street,rue,strada,Straße,calle,jiē
inch,pouce,pollice,Zoll,pulgada,yīngcùn
multiply,multiplier,moltiplicare,multiplizieren,multiplicar,chéng
nothing,rien,Niente,Nichts,nada,wú
course,cours,corso,Kurs,curso,kèchéng
stay,rester,rimanere,bleiben,permanecer,liú
wheel,roue,ruota,Rad,rueda,lúnzi
full,complet,pieno,voll,lleno,mǎn
force,forcer,forza,Gewalt,fuerza,lì
blue,bleu,blu,Blau,azul,lán
object,objet,oggetto,Objekt,objeto,duìxiàng
decide,décider,decidere,entscheiden,decidir,juédìng
surface,surface,superficie,Oberfläche,superficie,biǎomiàn
deep,profond,profondo,tief,profundo,shēn
moon,lune,luna,Mond,luna,yuèliàng
island,île,isola,Insel,isla,dǎo
foot,pied,piede,Fuß,pie,jiǎo
system,système,sistema,System,sistema,xìtǒng
busy,occupé,Occupato,beschäftigt,ocupado,máng
test,test,test,prüfen,prueba,cèshì
record,enregistrer,documentazione,aufzeichnen,registro,jìlù
boat,bateau,barca,Boot,bote,chuán
common,commun,comune,gemeinsam,común,chángjiàn
gold,or,oro,Gold,oro,jīn
possible,possible,possibile,möglich,posible,kěnéng
plane,avion,aereo,Flugzeug,avión,fēijī
stead,place,invece,Statt,lugar,dàitì
dry,sec,Asciutto,trocken,seco,gàn
wonder,merveille,Meraviglia,Wunder,preguntarse,qíjì
laugh,rire,ridere,lachen,reír,xiào
thousand,mille,mille,tausend,mil,qiān
ago,il y a,fa,vor,atrás,qián
ran,couru,corso,rannte,corrió,pǎo
check,vérifier,controllo,überprüfen,controlar,jiǎnchá
game,jeu,gioco,Spiel,juego,yóuxì
shape,forme,forma,Form,forma,xíngzhuàng
equate,assimiler,equiparare,gleichsetzen,equiparar,děngtóng
hot,chaud,caldo,heiß,caliente,rè
miss,manquer,mancare,vermissen,extrañar,sīniàn
brought,apporté,portato,gebracht,trajo,dài
heat,chaleur,Calore,Hitze,calor,rè
snow,neige,nevicare,Schnee,nieve,xuě
tire,pneu,pneumatico,Reifen,neumático,lèi
bring,apporter,Portare,bringen,traer,dài
yes,Oui,SÌ,Ja,Sí,shìde
distant,loin,distante,entfernt,distante,yuǎn
fill,remplir,riempire,füllen,llenar,tiánbǔ
east,est,est,Ost,este,dōng
paint,peinture,colore,malen,pintar,qī
language,langue,lingua,Sprache,idioma,yǔyán
among,parmi,tra,unter,entre,zhōng
grand,grandiose,mille dollari,großartig,grandioso,dà
ball,balle,palla,Ball,pelota,qiú
yet,encore,Ancora,noch,todavía,hái
wave,vague,onda,Welle,ola,làng
drop,baisse,gocciolare,fallen,gota,luò
heart,cœur,cuore,Herz,corazón,xīn
am,suis,Sono,Bin,soy,shì
present,présent,presente,gegenwärtig,presente,mùqián
heavy,lourd,pesante,schwer,pesado,zhòng
dance,danse,danza,tanzen,bailar,tiàowǔ
engine,moteur,motore,Motor,motor,fādòngjī
position,position,posizione,Position,posición,wèizhì
arm,bras,braccio,Arm,brazo,shǒubì
wide,large,Largo,breit,ancho,kuān
sail,naviguer,vela,Segel,navegar,fān
material,matériel,Materiale,Material,material,cáiliào
size,taille,misurare,Größe,tamaño,dàxiǎo
vary,varier,variare,variieren,variar,bùtóng
settle,régler,fissare,siedeln,asentarse,jiějué
speak,parler,parlare,sprechen,hablar,shuō
weight,poids,peso,Gewicht,peso,zhòngliàng
general,général,generale,allgemein,general,chángguī
ice,glace,ghiaccio,Eis,hielo,bīng
matter,matière,questione,Gegenstand,asunto,shì
circle,cercle,cerchio,Kreis,círculo,quān
pair,paire,paio,Paar,par,shuāng
include,inclure,includere,enthalten,incluir,bāokuò
divide,diviser,dividere,teilen,dividir,fēn
syllable,syllabe,sillaba,Silbe,sílaba,yīnjié
felt,feutre,sentito,gefühlt,sintió,zhān
perhaps,peut-être,Forse,vielleicht,tal vez,yěxǔ
pick,prendre,scegliere,wählen,elegir,zhāi
sudden,soudain,improvviso,plötzlich,repentino,tūrán
count,compter,contare,zählen,contar,jìshù
square,carré,piazza,Quadrat,cuadrado,guǎngchǎng
reason,raison,motivo,Grund,razón,yuányīn
length,longueur,lunghezza,Länge,longitud,chángdù
represent,représenter,rappresentare,vertreten,representar,dàibiǎo
art,art,arte,Kunst,arte,yìshù
subject,sujet,soggetto,Thema,sujeto,zhǔtí
region,région,regione,Region,región,dìqū
energy,énergie,energia,Energie,energía,néngyuán
hunt,chasse,caccia,Jagd,caza,dǎliè
probable,probable,probabile,wahrscheinlich,probable,huòrán
bed,lit,letto,Bett,cama,chuáng
brother,frère,fratello,Bruder,hermano,gēge
egg,œuf,uovo,Ei,huevo,dàn
ride,monter,passeggiata,Fahrt,conducir,qí
cell,cellule,cellula,Zelle,celúla,xìbāo
believe,croire,credere,glauben,creer,xiāngxìn
fraction,fraction,frazione,Fraktion,fracción,fēnshù
forest,forêt,foresta,Wald,bosque,sēnlín
sit,s'asseoir,sedersi,sitzen,sentarse,zuò
race,course,gara,Wettrennen,carrera,bǐsài
window,fenêtre,finestra,Fenster,ventana,chuāng
store,magasin,negozio,speichern,almacenar,shāngdiàn
summer,été,estate,Sommer,verano,xiàtiān
train,former,treno,Zug,tren,huǒchē
sleep,dormir,sonno,schlafen,dormir,shuì
prove,prouver,dimostrare,beweisen,probar,zhèngmíng
lone,seul,solitario,einsam,solitario,gūdú
leg,jambe,gamba,Bein,pierna,tuǐ
exercise,exercice,esercizio,Übung,ejercicio,duànliàn
wall,mur,parete,Wand,muro,qiáng
catch,attraper,presa,fangen,atrapar,zhuāzhù
mount,monter,montare,montieren,montar,ānzhuāng
wish,souhait,desiderio,Wunsch,desear,xīwàng
sky,ciel,cielo,Himmel,cielo,tiānkōng
board,conseil,asse,Planke,junta,bǎn
joy,joie,gioia,Freude,alegría,xǐyuè
winter,hiver,inverno,Winter,invierno,dōng
sat,assis,sab,saß,se sentó,zuò
written,écrit,scritto,geschrieben,escrito,xiě
wild,sauvage,selvaggio,wild,salvaje,yěshēng
instrument,instrument,strumento,Instrument,instrumento,yíqì
kept,gardé,tenuto,gehalten,conservó,bǎochí
glass,verre,bicchiere,Glas,vaso,bōlí
grass,herbe,erba,Gras,césped,cǎo
cow,vache,mucca,Kuh,vaca,niú
job,emploi,lavoro,Arbeit,trabajo,gōngzuò
edge,bord,bordo,Rand,borde,biānyuán
sign,signe,cartello,Zeichen,firmar,biāozhì
visit,visite,visita,besuchen,visita,fǎngwèn
past,passé,passato,Vergangenheit,pasado,guòqù
soft,doux,morbido,weich,suave,ruǎn
fun,amusant,divertimento,Spaß,divertido,lèqù
bright,brillant,luminoso,hell,brillante,míngliàng
gas,gaz,gas,Gas,gas,qì
weather,météo,tempo atmosferico,Wetter,clima,tiānqì
month,mois,mese,Monat,mes,yuè
million,million,milioni,Million,millón,bǎiwàn
bear,ours,orso,tragen,oso,xióng
finish,finition,fine,beenden,finalizar,wánchéng
happy,heureux,Contento,Glücklich,feliz,kuàilè
hope,espoir,Speranza,Hoffnung,esperanza,xīwàng
flower,fleur,fiore,Blume,flor,huā
clothe,vêtir,vestire,kleiden,vestir,yīfu
strange,étrange,strano,seltsam,extraño,qíguài
gone,disparu,andato,gegangen,desaparecido,shì
jump,saut,salto,springen,saltar,tiào
baby,bébé,Bambino,Baby,bebé,yīngér
eight,huit,otto,acht,ocho,bā
village,village,villaggio,Dorf,aldea,cūn
meet,rencontrer,Incontrare,treffen,encontrarse,yù
root,racine,radice,Wurzel,raíz,gēn
buy,acheter,acquistare,kaufen,comprar,mǎi
raise,augmenter,aumentare,erheben,aumentar,jǔ
solve,résoudre,risolvere,lösen,resolver,jiějué
metal,métal,metallo,Metall,metal,jīnshǔ
whether,si,se,ob,si,shìfǒu
push,pousser,spingere,drücken,empujar,tuī
seven,Sept,Sette,Sieben,Siete,qī
paragraph,paragraphe,paragrafo,Absatz,párrafo,duàn
third,troisième,terzo,dritte,tercero,dìsān
shall,devoir,deve,soll,deberá,jiāng
held,détenu,tenuto,gehaltenen,sostuvo,jǔxíng
hair,cheveux,capelli,Haar,cabello,máo
describe,décrire,descrivere,beschreiben,describir,miáoshù
cook,cuisiner,cucinare,kochen,cocinar,zhǔ
floor,sol,pavimento,Boden,piso,dìbǎn
either,soit,O,entweder,cualquiera,yě
result,résultat,risultato,Ergebnis,resultado,jiéguǒ
burn,brûler,bruciare,brennen,quemar,shāo
hill,colline,collina,hügel,colina,shān
safe,sûr,sicuro,sicher,seguro,ānquán
cat,chat,gatto,Katze,gato,māo
century,siècle,secolo,Jahrhundert,siglo,shìjì
consider,considérer,prendere in considerazione,halten,considerar,kǎolǜ
type,taper,tipo,Typ,tipo,lèixíng
law,loi,legge,Gesetz,ley,fǎlǜ
bit,peu,morso,bisschen,poco,wèi
coast,côte,costa,Küste,costa,hǎiàn
copy,copie,copia,Kopieren,Copiar,fùzhì
phrase,phrase,frase,Phrase,frase,duǎnyǔ
silent,silencieux,silenzioso,still,silencioso,chénmò
tall,grand,Alto,groß,alto,gāo
sand,sable,sabbia,Sand,arena,shā
soil,sol,suolo,Boden,suelo,tǔ
roll,rouler,rotolo,rollen,rollo,gǔn
temperature,température,temperatura,Temperatur,temperatura,wēndù
finger,doigt,dito,Finger,dedo,shǒuzhǐ
industry,industrie,industria,Industrie,industria,gōngyè
value,valeur,valore,Wert,valor,jiàzhí
fight,lutte,combattimento,kämpfen,luchar,zhàndòu
lie,mensonge,menzogna,Lüge,mentir,tǎng
beat,battre,colpo,schlagen,derrotar,dǎ
excite,exciter,eccitare,anregen,excitar,jīfā
natural,naturel,naturale,natürlich,natural,zìrán de
view,voir,visualizzazione,Sicht,vista,shìtú
sense,sens,senso,Sinn,sentido,yìyì
ear,oreille,orecchio,Ohr,oreja,ěrduo
else,autre,altro,anders,demás,hái
quite,assez,abbastanza,ganz,bastante,xiāngdāng
broke,cassé,rotto,Pleite,en bancarrota,bùmíngyìwén
case,cas,caso,Fall,caso,xiāng
middle,milieu,mezzo,Mitte,medio,zhōngjiān
kill,tuer,uccisione,töten,matar,shā
son,fils,figlio,Sohn,hijo,érzi
lake,lac,lago,See,lago,hú
moment,moment,momento,Moment,momento,shíkè
scale,échelle,scala,Skala,escala,guīmó
loud,fort,forte,laut,alto,dàshēng
spring,printemps,primavera,Frühling,primavera,chūntiān
observe,observer,osservare,beobachten,observar,guānchá
child,enfant,bambino,Kind,niño,háizi
straight,droit,Dritto,gerade,derecho,zhí
consonant,consonne,consonante,Konsonant,consonante,fǔyīn
nation,nation,nazione,Nation,nación,guójiā
dictionary,dictionnaire,dizionario,Wörterbuch,diccionario,zìdiǎn
milk,lait,latte,Milch,leche,niúnǎi
speed,vitesse,velocità,Geschwindigkeit,velocidad,sùdù
method,méthode,metodo,Methode,método,fāngfǎ
organ,organe,organo,Organ,Organo,fēngqín
pay,payer,paga,zahlen,pagar,zhīfù
age,âge,età,Alter,edad,niánlíng
section,section,sezione,Abschnitt,sección,bùfen
dress,robe,vestito,Kleid,vestido,liányīqún
cloud,nuage,nuvola,Wolke,nube,yún
surprise,surprendre,sorpresa,Überraschung,sorpresa,jīngxǐ
quiet,calme,Tranquillo,ruhig,tranquilo,ānjìng
stone,pierre,calcolo,Stein,piedra,shítou
tiny,minuscule,minuscolo,winzig,diminuto,xiǎo
climb,grimper,scalata,steigen,trepar,pá
cool,cool,Freddo,Cool,Frío,liáng
design,conception,progetto,Design,diseño,shèji
poor,pauvre,povero,arm,pobre,qióng
lot,parcelle,quantità,viel,lote,hěnduō
experiment,expérience,sperimentare,Experiment,experimento,shíyàn
bottom,bas,metter il fondo a,unten,abajo,dǐ
key,clé,chiave,Schlüssel,llave,yàoshi
iron,fer,ferro,Eisen,hierro,tiě
single,célibataire,separare,einzel,soltero,dān
stick,bâton,bastone,Stock,palo,gùn
flat,plat,Piatto,Wohnung,departamento,píng
twenty,vingt,venti,zwanzig,veinte,èrshí
skin,peau,pelle,Haut,piel,pífū
smile,sourire,sorriso,lächeln,sonrisa,wēixiào
crease,pli,piega,Falte,pliegue,zhòu
hole,trou,buco,Loch,agujero,dòng
trade,commerce,commercio,Handel,comercio,màoyì
melody,mélodie,melodia,Melodie,melodía,xuánlǜ
trip,voyage,viaggio,Reise,viaje,lǚxíng
office,bureau,ufficio,Büro,oficina,bàngōngshì
receive,recevoir,ricevere,erhalten,recibir,shōudào
row,rangée,riga,Reihe,fila,pái
mouth,bouche,bocca,Mund,boca,kǒu
exact,exact,esatto,genau,exacto,quèqiè
symbol,symbole,simbolo,Symbol,símbolo,xiàngzhēng
die,mourir,morire,sterben,morir,sǐ
least,moins,meno,am wenigsten,el menos,zuìxiǎo
trouble,inquiéter,guaio,Problem,problema,máfan
shout,crier,gridare,schreien,gritar,hǎn
except,sauf,tranne,außer,excepto,chúle
wrote,a écrit,ha scritto,schrieb,escribió,xiě
seed,graine,seme,Samen,semilla,zhǒngzi
tone,Ton,tono,Ton,tono,yǔqì
join,rejoindre,giuntura,verbinden,unirse,jiārù
suggest,suggérer,suggerire,vorschlagen,sugerir,jiànyì
clean,faire le ménage,pulito,sauber,limpio,gānjìng
break,casser,rottura,brechen,romper,pò
lady,dame,signora,Dame,dama,nǚshì
yard,cour,cortile,Hof,patio,yuànzi lǐ
rise,augmenter,salita,erheben,elevar,shàngshēng
bad,mauvais,Cattivo,schlecht,malo,huài
blow,souffler,soffio,Schlag,explotar,chuī
oil,huile,olio,Öl,aceite,yóu
blood,sang,sangue,Blut,sangre,xuè
touch,touche,tocco,berühren,tocar,chùmō
grew,grandi,cresciuto,wuchs,creció,zēngzhǎng
cent,cent,cento,Cent,centavo,fēn
mix,mélanger,mescolare,mischen,mezcla,hùnhé
team,équipe,squadra,Team,equipo,tuánduì
wire,fil,filo,Draht,cable,xiàn
cost,coût,costo,kosten,costo,chéngběn
lost,perdu,perduto,verloren,perdido,shīqù
brown,brun,marrone,braun,marrón,zōngsè
wear,porter,Indossare,tragen,tener puesto,chuān
garden,jardin,giardino,Garten,jardín,huāyuán
equal,égal,pari,gleich,igual,píngděng
sent,envoyé,inviato,gesendet,enviado,sòng
choose,choisir,scegliere,wählen,elegir,xuǎnzé
fell,est tombé,caduto,fällen,cayó,xiàdiē
fit,ajuster,adatto,fit,adaptar,shìhé
flow,couler,fluire,fließen,fluir,liú
fair,équitable,Giusto,gerecht,justo,gōngpíng
bank,banque,banca,Bank,banco,àn
collect,collecter,raccogliere,sammeln,recolectar,shōují
save,sauvegarder,salva,speichern,ahorrar,jiù
control,contrôle,controllo,Kontrolle,control,kòngzhì
decimal,décimal,decimale,Dezimal,decimal,shíjìnzhì
gentle,doux,gentile,sanft,amable,wēnróu
woman,femme,donna,Frau,mujer,nǚrén
captain,capitaine,Capitano,Kapitän,capitán,chuánzhǎng
practice,pratique,pratica,üben,práctica,shíjiàn
separate,séparé,separato,separate,separado,fēnkāi
difficult,difficile,difficile,schwierig,difícil,nán
doctor,médecin,medico,Arzt,doctor,yīshēng
please,s'il te plaît,Per favore,Bitte,por favor,qǐng
protect,protéger,proteggere,schützen,proteger,bǎohù
noon,midi,mezzogiorno,Mittag,mediodía,zhōngwǔ
whose,dont,di chi,wessen,cuyo,shuíde
locate,Localiser,individuare,Lokalisieren,localizar,tàn
ring,anneau,squillo,Ring,anillo,jièzhi
character,personnage,carattere,Charakter,personaje,zìfú
insect,insecte,insetto,Insekt,insecto,kūnchóng
caught,attrapé,preso,erwischt,atrapó,zhuāzhù
period,période,periodo,Zeitraum,período,shíqī
indicate,indiquer,indicare,angeben,indicar,biǎomíng
radio,radio,Radio,Radio,radio,shōuyīnjī
spoke,parlait,parlato,gesprochen,habló,fútiáo
atom,atome,atomo,Atom,átomo,yuánzǐ
human,humain,umano,menschlich,humano,rén
history,histoire,storia,Geschichte,historia,lìshǐ
effect,effet,effetto,Wirkung,efecto,yǐngxiǎng
electric,électrique,elettrico,elektrisch,eléctrico,diàn
expect,attendre,aspettarsi,erwarten,esperar,qīwàng
crop,recadrer,raccolto,Ernte,cultivo,zuòwù
modern,moderne,moderno,modern,moderno,módēng
element,élément,elemento,Element,elemento,yuánsù
hit,frapper,colpo,Schlag,golpear,dǎ
student,étudiant,alunno,Student,alumno,xuéshēng
corner,coin,angolo,Ecke,esquina,jiǎoluò
party,faire la fête,festa,Party,fiesta,dǎng
supply,fournir,fornitura,liefern,suministrar,gōngyìng
bone,os,osso,Knochen,hueso,gǔ
rail,rail,sbarra,Schiene,carril,guǐ
imagine,imaginer,immaginare,vorstellen,imaginar,xiǎngxiàng
provide,fournir,fornire,bieten,proporcionar,tígòng
agree,accepter,Essere d'accordo,zustimmen,aceptar,tóngyì
thus,ainsi,così,daher,de este modo,yīncǐ
capital,capital,capitale,Hauptstadt,capital,zīběn
won't,ne le fera pas,non,Gewohnheit,no,búhuì
chair,chaise,sedia,Stuhl,silla,yǐzi
danger,danger,Pericolo,Gefahr,peligro,wēixiǎn
fruit,fruit,frutta,Obst,fruta,shuǐguǒ
rich,riche,ricco,reich,rico,fù
thick,épais,spesso,dick,grueso,hòu
soldier,soldat,soldato,Soldat,soldado,shìbīng
process,processus,processi,Verfahren,proceso,guòchéng
operate,fonctionner,operare,arbeiten,funcionar,cāozuò
guess,deviner,Indovinare,erraten,adivinar,cāi
necessary,nécessaire,necessario,notwendig,necesario,bìyào
sharp,pointu,affilato,scharf,afilado,fēnglì
wing,aile,ala,Flügel,ala,chìbǎng
create,créer,creare,erstellen,crear,chuàngzào
neighbor,voisin,vicino,Nachbar,vecino,línjū
wash,laver,lavare,waschen,lavar,xǐ
bat,chauve souris,pipistrello,Schläger,murciélago,biānfú
rather,plutôt,Piuttosto,eher,bastante,ér
crowd,foule,folla,Menge,multitud,rénqún
corn,maïs,mais,Mais,maíz,yùmǐ
compare,comparer,confrontare,vergleichen,comparar,bǐjiào
poem,poème,poesia,Gedicht,poema,shī
string,chaîne,corda,Zeichenfolge,cadena,zìfúchuàn
bell,cloche,campana,Glocke,campana,zhōng
depend,dépendre,dipendere,abhängen,depender,yīlài
meat,viande,carne,Fleisch,carne,ròu
rub,frotter,strofinare,reiben,frotar,cā
tube,tube,tubo,Rohr,tubo,guǎn
famous,célèbre,famoso,berühmt,famoso,zhùmíng
dollar,dollar,dollaro,Dollar,dólar,měiyuán
stream,flux,flusso,Strom,arroyo,liú
fear,peur,Paura,Furcht,miedo,kǒngjù
sight,vue,vista,Sicht,vista,jǐngxiàng
thin,mince,magro,dünn,delgado,bó
triangle,Triangle,triangolo,Dreieck,triángulo,sānjiǎoxíng
planet,planète,pianeta,Planet,planeta,xíngxīng
hurry,dépêchez-vous,fretta,beeil dich,apurarse,kuài diǎn
chief,chef,capo,Chef,jefe,shǒuxí
colony,colonie,colonia,Kolonie,colonia,zhímíndì
clock,horloge,orologio,Uhr,reloj,shízhōng
mine,le mien,mio,meins,mío,kuàngshān
tie,cravate,cravatta,binden,atar,bǎng
enter,entrer,accedere,eingeben,ingresar,jìnrù
major,majeur,maggiore,wesentlich,importante,zhǔyào
fresh,frais,fresco,frisch,fresco,xīnxiān
search,recherche,ricerca,suchen,buscar,sōusuǒ
send,envoyer,Inviare,schicken,enviar,fāsòng
yellow,jaune,giallo,Gelb,amarillo,huángsè
gun,pistolet,pistola,Pistole,pistola,qiāng
allow,permettre,permettere,erlauben,permitir,yǔnxǔ
print,imprimer,stampa,drucken,imprimir,dǎyìn
dead,mort,morto,tot,muerto,sǐ
spot,place,macchiare,Stelle,lugar,diǎn
desert,désert,deserto,Wüste,desierto,shāmò
suit,costume,abito,Anzug,traje,shìhé
current,actuel,attuale,aktuell,actual,dāngqián
lift,ascenseur,sollevare,Aufzug,elevar,diàntī
rose,rose,rosa,Rose,rosa,méi
continue,continuer,Continua,weitermachen,continuar,jìxù
block,bloc,bloccare,Block,bloquear,kuài
chart,graphique,grafico,Diagramm,cuadro,túbiǎo
hat,chapeau,cappello,Hut,sombrero,màozi
sell,vendre,vendere,verkaufen,vender,mài
success,succès,successo,Erfolg,éxito,chénggōng
company,entreprise,azienda,Unternehmen,compañía,gōngsī
subtract,soustraire,sottrarre,subtrahieren,sustraer,jiǎnqù
event,événement,evento,Ereignis,evento,shìjiàn
particular,particulier,particolare,besondere,particular,tèdìng
deal,accord,Affare,handeln,trato,jiāoyì
swim,nager,nuotare,schwimmen,nadar,yóuyǒng
term,terme,termine,Begriff,término,shùyǔ
opposite,opposé,opposto,Gegenteil,opuesto,xiāngfǎn
wife,épouse,moglie,Gattin,esposa,lǎopó
shoe,chaussure,scarpa,Schuh,zapato,xié
shoulder,épaule,spalla,Schulter,hombro,jiānbǎng
spread,propagé,diffusione,verbreiten,desparramar,chuánbō
arrange,organiser,organizzare,arrangieren,arreglar,ānpái
camp,camp,campo,Lager,acampar,yíngdì
invent,inventer,inventare,erfinden,inventar,fāmíng
cotton,coton,cotone,Baumwolle,algodón,miánhuā
born,né,nato,geboren,nacido,chūshēng
determine,déterminer,determinare,bestimmen,determinar,quèdìng
quart,litre,quarto,Quart,cuarto de galón,kuātuō
nine,neuf,nove,neun,nueve,jiǔ
truck,camion,camion,LKW,camión,kǎchē
noise,bruit,rumore,Lärm,ruido,zàoshēng
level,niveau,livello,Ebene,nivel,shuǐpíng
chance,chance,opportunità,Chance,oportunidad,jīhuì
gather,rassembler,raccogliere,versammeln,recolectar,shōují
shop,boutique,negozio,Geschäft,comercio,diàn
stretch,extensible,stirata,strecken,estirar,shēnzhǎn
throw,lancer,gettare,werfen,tirar,rēng
shine,briller,splendore,scheinen,brillar,zhào
property,propriété,proprietà,Eigentum,propiedad,cáichǎn
column,colonne,colonna,Spalte,columna,liè
molecule,molécule,molecola,Molekül,molécula,fēnzǐ
select,sélectionner,Selezionare,wählen,seleccionar,xuǎnzé
wrong,faux,sbagliato,falsch,equivocado,cuò
gray,gris,grigio,grau,gris,huīsè
repeat,répéter,ripetere,wiederholen,repetir,chóngfù
require,exiger,richiedere,erfordern,requerir,xūyào
broad,large,ampio,breit,amplio,guǎngfàn
prepare,préparer,preparare,vorbereiten,preparar,zhǔnbèi
salt,sel,sale,Salz,sal,yán
nose,nez,naso,Nase,nariz,bízi
plural,pluriel,plurale,Plural,plural,fùshù
anger,colère,rabbia,Wut,enojo,fènnù
claim,réclamer,reclamo,beanspruchen,afirmar,suǒpéi
continent,continent,continente,Kontinent,continente,dàlù
oxygen,oxygène,ossigeno,Sauerstoff,oxígeno,yǎng
sugar,sucre,zucchero,Zucker,azúcar,táng
death,la mort,morte,Tod,muerte,sǐwáng
pretty,joli,bello,hübsch,bonito,měi
skill,compétence,abilità,Fähigkeit,habilidad,jìnéng
women,femmes,donne,Frauen,mujer,nǚrén
season,saison,stagione,Jahreszeit,estación,jìjié
solution,solution,soluzione,Lösung,solución,róngyè
magnet,aimant,magnete,Magnet,imán,cítiě
silver,argent,argento,Silber,plata,yín
thank,remercier,Grazie,Dank,agradecer,xièxiè
branch,bifurquer,ramo,Zweig,rama,fēnzhī
match,correspondre,incontro,übereinstimmen,fósforo,huǒchái
suffix,suffixe,suffisso,Suffix,sufijo,hòuzhuì
especially,en particulier,particolarmente,besonders,especialmente,tèbiéshì
fig,figue,Fico,Feige,higo,wúhuāguǒ
afraid,effrayé,Paura,besorgt,asustado,hàipà
huge,énorme,Enorme,riesig,enorme,jùdà
sister,sœur,sorella,Schwester,hermana,jiějiě
steel,acier,acciaio,Stahl,acero,gāng
discuss,discuter,discutere,diskutieren,conversar,tǎolùn
forward,avant,inoltrare,nach vorne,adelante,xiàngqián
similar,similaire,simile,ähnlich,similar,lèisì
guide,guide,guida,Führung,guía,zhǐdǎo
experience,expérience,esperienza,Erfahrung,experiencia,jīngyàn
score,score,punto,Punktzahl,puntaje,défēn
apple,pomme,mela,Apfel,manzana,píngguǒ
bought,acheté,comprato,gekauft,compró,mǎi
led,dirigé,guidato,LED,condujo,fāguāng èrjíguǎn
pitch,pas,pece,Tonhöhe,paso,tóu
coat,manteau,cappotto,Mantel,abrigo,wàitào
mass,masse,massa,Masse,masa,zhìliàng
card,carte,carta,Karte,tarjeta,kǎ
band,groupe,gruppo musicale,Band,banda,yuèduì
rope,corde,corda,Seil,soga,shéng
slip,glisser,scontrino,Unterhose,deslizar,huá
win,gagner,vincita,gewinnen,ganar,yíng
dream,rêve,sogno,Traum,sueño,mèng
evening,soirée,sera,Abend,noche,bàngwǎn
condition,condition,condizione,Zustand,condición,tiáojiàn
feed,alimentation,foraggio,füttern,alimentar,sìliào
tool,outil,attrezzo,Werkzeug,herramienta,gōngjù
total,total,totale,gesamt,total,zǒng
basic,basique,di base,Basic,básico,jīběn
smell,odeur,odore,Geruch,oler,qìwèi
valley,vallée,valle,Schlucht,valle,shāngǔ
nor,ni,né,noch,ni,yěbù
double,double,Doppio,doppelt,doble,shuāng
seat,siège,posto a sedere,Sitz,asiento,zuòwèi
arrive,arriver,arrivare,ankommen,llegar,dàodá
master,maître,maestro,Meister,maestro,zhǔrén
track,piste,traccia,Schiene,pista,gēnzōng
parent,parent,genitore,Elternteil,padre,fùmǔ
shore,rive,costa,Ufer,costa,àn
division,division,divisione,Aufteilung,división,huàfēn
sheet,feuille,foglio,Blatt,hoja,biǎo
substance,substance,sostanza,Substanz,sustancia,wùzhì
favor,service,favore,favorisieren,favor,xǐài
connect,connecter,Collegare,verbinden,conectar,liánjiē
post,poste,inviare,Post,correo,fābù
spend,dépenser,trascorrere,ausgeben,gastar,huāfèi
chord,accord,accordo,Akkord,acorde,héxián
fat,graisse,grasso,fett,gordo,zhīfáng
glad,content,lieto,froh,contento,gāoxìng
original,original,originale,Original,original,yuán yǔyán
share,partager,condividere,Aktie,compartir,gòngxiǎng
station,gare,stazione,Bahnhof,estación,zhàn
dad,papa,Papà,Papa,papá,bàba
bread,pain,pane,brot,pan,miànbāo
charge,charge,carica,Aufladung,cargar,fùzé
proper,approprié,corretto,richtig,adecuado,shìdàng
bar,bar,sbarra,Bar,bar,jiǔbā
offer,offre,offerta,Angebot,oferta,tígòng
segment,segment,segmento,Segment,segmento,duàn
slave,esclave,schiavo,Sklave,esclavo,núlì
duck,canard,anatra,Ente,pato,yā
instant,instantané,immediato,sofortig,instante,shùnjiān
market,marché,mercato,Markt,mercado,shìchǎng
degree,degré,grado,Grad,grado,dù
populate,peupler,popolare,bevölkern,poblar,tiánchōng
chick,poussin,pulcino,Küken,polluelo,xiǎojī
dear,cher,Caro,Liebling,estimado,qīnàide
enemy,ennemi,nemico,Feind,enemigo,dírén
reply,répondre,rispondere,Antwort,responder,dá
drink,boire,bere,trinken,beber,hē
occur,se produire,verificarsi,geschehen,ocurrir,fāshēng
support,soutien,supporto,Unterstützung,apoyo,zhīchí
speech,discours,discorso,Rede,discurso,yǎnjiǎng
nature,nature,natura,Natur,naturaleza,zìránjiè
range,gamme,allineare,Reichweite,rango,fànwéi
steam,vapeur,vapore,Dampf,vapor,zhēngqì
motion,mouvement,movimento,Bewegung,movimiento,yùndòng
path,chemin,sentiero,Weg,camino,lùjìng
liquid,liquide,liquido,flüssig,líquido,yè
log,enregistrer,tronco d'albero,Protokoll,registro,rìzhì
meant,censé,significava,gemeint,quiso decir,yìwèi zhe
quotient,quotient,quoziente,Quotient,cociente,shāng
teeth,dents,denti,Zähne,dientes,yáchǐ
shell,coquille,conchiglia,Hülse,caparazón,ké
neck,cou,collo,Nacken,cuello,bózi