Artist name,Description,Wiki URL,Page Views
Master of the Polling Panels,German Painter,https://en.wikipedia.org/wiki/Sinners%20%282025%20film%29,"3,272,586"
Ansel Adams,American Photographer,https://en.wikipedia.org/wiki/Ansel%20Adams,"2,562,812"
Charles V. Bond,American,https://en.wikipedia.org/wiki/List%20of%20James%20Bond%20films,"794,060"
David Stewart,American Assemblage Artist,https://en.wikipedia.org/wiki/Rod%20Stewart,"730,065"
Pauline Bliss Williams,American,https://en.wikipedia.org/wiki/Serena%20Williams,"628,685"
Arthur Parton,American Painter,https://en.wikipedia.org/wiki/Dolly%20Parton,"549,271"
George H. Story,American Painter,https://en.wikipedia.org/wiki/George%20H.%20W.%20Bush,"539,349"
Andrew Russell,American Photographer,https://en.wikipedia.org/wiki/Andrew%20Garfield,"521,386"
Thomas Henry Nicholson,British Illustrator,https://en.wikipedia.org/wiki/Jack%20Nicholson,"498,759"
William Allen Wall,American Painter,https://en.wikipedia.org/wiki/Woody%20Allen,"467,485"
Aubrey Schwartz,American Printmaker,https://en.wikipedia.org/wiki/Aubrey%20Plaza,"443,246"
Dennis Blagg,American Painter,https://en.wikipedia.org/wiki/Rupert%20Friend,"431,625"
W.E. Atkinson,Canadian Painter,https://en.wikipedia.org/wiki/Rowan%20Atkinson,"411,022"
Patrick Rowan,American Assemblage Artist,https://en.wikipedia.org/wiki/Rowan%20Atkinson,"410,810"
James Charles,English Painter,https://en.wikipedia.org/wiki/James%20VI%20and%20I,"409,562"
Carter Potter,American,https://en.wikipedia.org/wiki/Helena%20Bonham%20Carter,"399,435"
Kenneth Davies,American Painter,https://en.wikipedia.org/wiki/Kim%20Woodburn,"362,897"
Guillermo Nunez,Chilean,https://en.wikipedia.org/wiki/Darwin%20N%C3%BA%C3%B1ez,"343,475"
Mae Bennett Brown,American,https://en.wikipedia.org/wiki/Rhea%20Ripley,"325,093"
Jonathan Bonner,American Sculptor,https://en.wikipedia.org/wiki/2026%20United%20States%20House%20of%20Representatives%20elections,"324,457"
Donald Emery Forbes,Canadian/English Painter,https://en.wikipedia.org/wiki/Donald%20Trump%20Jr.,"323,441"
Roberto,Sculptor,https://en.wikipedia.org/wiki/Chespirito,"320,476"
Ernie Barnes,African-American Painter,https://en.wikipedia.org/wiki/Eyes%20of%20Wakanda,"310,329"
Bessie Hoover Wessel,American,https://en.wikipedia.org/wiki/Lucille%20Ball,"295,518"
Arman,French/American Assemblage Artist,https://en.wikipedia.org/wiki/Arman%20Tsarukyan,"294,708"
Mike Brown,Australian,https://en.wikipedia.org/wiki/Mike%20Brown%20%28basketball%2C%20born%201970%29,"286,983"
James Todd,American Printmaker,https://en.wikipedia.org/wiki/James%20Spader,"283,780"
Thomas Woodward,British,https://en.wikipedia.org/wiki/Tom%20Jones%20%28singer%29,"278,438"
James Gleeson,Australian Painter,https://en.wikipedia.org/wiki/Domhnall%20Gleeson,"275,365"
Yoko Ono,Japanese/American Musician/Conceptual Artist,https://en.wikipedia.org/wiki/Yoko%20Ono,"267,426"
Ernest David Roth,German/American,https://en.wikipedia.org/wiki/Killers%20of%20the%20Flower%20Moon%20%28film%29,"266,406"
Pietro da Rho,Italian Sculptor,https://en.wikipedia.org/wiki/2026%20Winter%20Olympics,"265,614"
Sam Taylor-Wood,British Video Artist,https://en.wikipedia.org/wiki/Sam%20Taylor-Johnson,"247,562"
Greta Allen,American,https://en.wikipedia.org/wiki/Greta%20Thunberg,"243,902"
May Lewis Close,American,https://en.wikipedia.org/wiki/C.%20S.%20Lewis,"240,141"
John Scott,African-American Kinetic Artist,https://en.wikipedia.org/wiki/Kendra%20Scott,"234,474"
Margaret Swan,American Sculptor,https://en.wikipedia.org/wiki/Kendra%20Scott,"234,474"
Larry Fink,American Photographer,https://en.wikipedia.org/wiki/Larry%20Fink,"232,952"
Edward Pearce,English Sculptor,https://en.wikipedia.org/wiki/Guy%20Pearce,"224,882"
Richard Stone,Dutch Painter,https://en.wikipedia.org/wiki/Matt%20Stone,"221,851"
Python,Greek Potter,https://en.wikipedia.org/wiki/Python%20%28programming%20language%29,"220,623"
Henry Warren,English,https://en.wikipedia.org/wiki/Warren%20Beatty,"218,249"
Paolo Boni,Italian Engraver,https://en.wikipedia.org/wiki/Joe%20DiMaggio,"212,279"
Fred Gambino,British Painter/Illustrator,https://en.wikipedia.org/wiki/Gambino%20crime%20family,"208,695"
Samuel Haile,British,https://en.wikipedia.org/wiki/Haile%20Selassie,"207,511"
John Martin,English Painter,https://en.wikipedia.org/wiki/Johnny%20Marr,"199,580"
Judy Larson,American Printmaker,https://en.wikipedia.org/wiki/Judy%20Sheindlin,"197,647"
Frank Lloyd Wright,American Architect/Designer,https://en.wikipedia.org/wiki/Frank%20Lloyd%20Wright,"194,435"
George Romney,English Painter,https://en.wikipedia.org/wiki/Mitt%20Romney,"192,052"
Edward A. Page,American Painter,https://en.wikipedia.org/wiki/Larry%20Page,"188,444"
Deborah Murphy,American,https://en.wikipedia.org/wiki/Deborah%20Cavendish%2C%20Duchess%20of%20Devonshire,"186,952"
John Webber,English Painter,https://en.wikipedia.org/wiki/Andrew%20Lloyd%20Webber,"186,520"
William Scott,British Painter,https://en.wikipedia.org/wiki/Seann%20William%20Scott,"185,613"
Joan Valet,French,https://en.wikipedia.org/wiki/Blake%20Ritson,"185,333"
John Greenwood,American Painter,https://en.wikipedia.org/wiki/Mason%20Greenwood,"185,235"
Banksy,British Painter,https://en.wikipedia.org/wiki/Banksy,"180,995"
Master Suleiman,Persian Sculptor,https://en.wikipedia.org/wiki/Suleiman%20the%20Magnificent,"179,725"
Gilbert Stuart,American Painter,https://en.wikipedia.org/wiki/Ulysses%20%28novel%29,"176,391"
Robert Templeton,American Painter,https://en.wikipedia.org/wiki/Evie%20Templeton,"175,197"
Pedro Sanchez,Spanish Painter,https://en.wikipedia.org/wiki/Napoleon%20Dynamite,"174,847"
Nancy Dyer,American,https://en.wikipedia.org/wiki/Natalia%20Dyer,"173,438"
Michael David,American,https://en.wikipedia.org/wiki/Michael%20Rapaport,"173,020"
James Gale Tyler,American Painter,https://en.wikipedia.org/wiki/Aisha%20Tyler,"172,587"
Ben Foster,American Painter,https://en.wikipedia.org/wiki/Ben%20Foster%20%28actor%29,"172,459"
William Owen,English Painter,https://en.wikipedia.org/wiki/Sikhism,"171,964"
Jonathan Richardson I,English Painter,https://en.wikipedia.org/wiki/Sha%27Carri%20Richardson,"164,508"
Michael Todd,American Sculptor,https://en.wikipedia.org/wiki/Todd%20Chrisley,"162,201"
John Davies,American,https://en.wikipedia.org/wiki/John%20Rhys-Davies,"162,062"
Sarah Robertson,Canadian Painter,https://en.wikipedia.org/wiki/Margin%20Call,"159,047"
Leo McMillan,American Environmental Artist,https://en.wikipedia.org/wiki/Robbie%20Coltrane,"158,664"
Parr,Canadian Inuit,https://en.wikipedia.org/wiki/Catherine%20Parr,"158,122"
Georgia O'Keeffe,American Painter,https://en.wikipedia.org/wiki/Georgia%20O%27Keeffe,"156,607"
Gordon Coster,American Photographer,https://en.wikipedia.org/wiki/Nikolaj%20Coster-Waldau,"155,686"
Andrew Wilson,English,https://en.wikipedia.org/wiki/Andrew%20Wilson%20%28actor%29,"155,663"
Leonardo da Vinci,Italian Painter/Inventor,https://en.wikipedia.org/wiki/The%20Last%20Supper%20%28Leonardo%29,"153,533"
David Emile Joseph de Noter,Belgian Painter,https://en.wikipedia.org/wiki/Emile%20Hirsch,"153,410"
Linda McCartney,American Photographer,https://en.wikipedia.org/wiki/Linda%20McCartney,"152,102"
Helene Black,Greek Mixed Media Artist,https://en.wikipedia.org/wiki/Hurricane%20Helene,"151,750"
Mary Roberts Ebert,American,https://en.wikipedia.org/wiki/Roger%20Ebert,"149,833"
Nicholas Alden Brooks,American Painter,https://en.wikipedia.org/wiki/James%20Burke%20%28gangster%29,"148,864"
A. Haddock,American,https://en.wikipedia.org/wiki/Laura%20Haddock,"147,353"
Marina Abramovic,Yugoslavian Performance Artist,https://en.wikipedia.org/wiki/Marina%20Abramovi%C4%87,"145,460"
William Alexander,English Painter,https://en.wikipedia.org/wiki/Willem-Alexander%20of%20the%20Netherlands,"143,293"
James Campbell,British Painter,https://en.wikipedia.org/wiki/Jamie%20Campbell%20Bower,"141,320"
Harold Crocker Dunbar,American,https://en.wikipedia.org/wiki/Laura%20Bush,"140,132"
Anne Crane,American Painter,https://en.wikipedia.org/wiki/Bob%20Crane,"132,328"
Gary Wertheim,Sculptor,https://en.wikipedia.org/wiki/Mel%27s%20Hole,"129,829"
Washington Friend,Canadian Painter,https://en.wikipedia.org/wiki/Public%20Universal%20Friend,"127,296"
Pablo Picasso,Spanish Painter/Sculptor,https://en.wikipedia.org/wiki/Guernica%20%28Picasso%29,"124,528"
John Pearson,British/American Painter,https://en.wikipedia.org/wiki/Peregrine%20Pearson,"123,803"
Ray Bertrand,American,https://en.wikipedia.org/wiki/Bertrand%20Russell,"122,722"
John Singer Sargent,American Painter,https://en.wikipedia.org/wiki/John%20Singer%20Sargent,"122,151"
Lewis Carroll,English Writer/Photographer,https://en.wikipedia.org/wiki/Lewis%20Carroll,"121,442"
David Shapiro,American Sculptor,https://en.wikipedia.org/wiki/Josh%20Shapiro,"120,936"
Garofalo,Italian Painter,https://en.wikipedia.org/wiki/Janeane%20Garofalo,"120,493"
Gianni Versace,Italian Designer,https://en.wikipedia.org/wiki/Gianni%20Versace,"120,412"
Davis Cone,American Painter,https://en.wikipedia.org/wiki/Vontae%20Davis,"117,042"
Thomas Willoughby Nason,American,https://en.wikipedia.org/wiki/Fyre%20Festival,"115,755"
Jan Woods,American Sculptor,https://en.wikipedia.org/wiki/Elin%20Nordegren,"115,158"
Frank Miller,American Illustrator,https://en.wikipedia.org/wiki/Joji%20%28musician%29,"112,046"
John Landis,American,https://en.wikipedia.org/wiki/John%20Landis,"111,960"
James Webb,British,https://en.wikipedia.org/wiki/James%20Webb%20Space%20Telescope,"111,198"
John Armstrong,British Painter,https://en.wikipedia.org/wiki/Matthew%20John%20Armstrong,"109,560"
John Pike,American,https://en.wikipedia.org/wiki/Albert%20Pike,"108,645"
George M. Miller,American,https://en.wikipedia.org/wiki/George%20Miller%20%28filmmaker%29,"107,157"
Stephanie Torbert,Photographer,https://en.wikipedia.org/wiki/Stephanie%20White,"106,840"
Richard Faxon,French,https://en.wikipedia.org/wiki/Jim%20Rash,"106,635"
Jackson Pollock,American Painter,https://en.wikipedia.org/wiki/Jackson%20Pollock,"106,141"
Robert Mendham,English Painter,https://en.wikipedia.org/wiki/Stephen%20Dorff,"105,314"
Jonathan Silver,American Sculptor,https://en.wikipedia.org/wiki/Jonathan%20Scott%20%28television%20personality%29,"105,132"
Rikio Takahashi,Japanese Printmaker,https://en.wikipedia.org/wiki/Aum%20Shinrikyo,"102,853"
Steven Campbell,British Painter,https://en.wikipedia.org/wiki/Stephen%20Campbell%20Moore,"102,085"
John Christopher Smith,Painter,https://en.wikipedia.org/wiki/Peacemaker%20%28character%29,"101,766"
William George Gillies,British Painter,https://en.wikipedia.org/wiki/Elizabeth%20Gillies,"101,605"
Miles Walters,British Painter,https://en.wikipedia.org/wiki/Julie%20Walters,"100,896"
Richard Prince,Panamanian/American Painter/Photographer,https://en.wikipedia.org/wiki/Prince%20Richard%2C%20Duke%20of%20Gloucester,"99,440"
Robert Duncan Christie,Canadian Painter,https://en.wikipedia.org/wiki/Julie%20Christie,"99,122"
Francesco Scavullo,American Photographer,https://en.wikipedia.org/wiki/Gia%20Carangi,"97,193"
Mike Cadwell,American Sculptor,https://en.wikipedia.org/wiki/Linda%20Lee%20Cadwell,"96,986"
Jennie Lewis,American,https://en.wikipedia.org/wiki/Jennie%20Garth,"96,816"
John Crawford Wintour,Scottish,https://en.wikipedia.org/wiki/Stephanie%20Seymour,"96,049"
Du Ziling,Chinese,https://en.wikipedia.org/wiki/Palme%20d%27Or,"94,541"
Beatrix Potter,English Illustrator,https://en.wikipedia.org/wiki/Beatrix%20Potter,"93,808"
Martha Sawyers,American Illustrator,https://en.wikipedia.org/wiki/Beatrix%20Potter,"93,808"
David Smith,American Sculptor,https://en.wikipedia.org/wiki/Dave%20Smith%20%28comedian%29,"93,772"
William Stearns,American,https://en.wikipedia.org/wiki/Bear%20Stearns,"93,285"
The Sherman Limner,American Painter,https://en.wikipedia.org/wiki/Candyman%20%282021%20film%29,"93,132"
Richard Roper,British Painter,https://en.wikipedia.org/wiki/The%20Night%20Manager%20%28British%20TV%20series%29,"92,729"
Chen Ziyi,Chinese,https://en.wikipedia.org/wiki/Zhang%20Ziyi,"91,973"
Lord Snowdon,British Photographer,https://en.wikipedia.org/wiki/David%20Armstrong-Jones%2C%202nd%20Earl%20of%20Snowdon,"89,853"
Christian Dior,French Designer,https://en.wikipedia.org/wiki/Christian%20Dior,"89,311"
Emil Fuchs,Austrian Sculptor,https://en.wikipedia.org/wiki/Klaus%20Fuchs,"88,963"
William Morris,English Writer/Designer,https://en.wikipedia.org/wiki/Endeavor%20%28company%29,"87,870"
Josh On,New Zealand/American Digital Artist,https://en.wikipedia.org/wiki/Josh%20Brolin%20filmography,"86,580"
Winston Spencer Churchill,English Politician/Painter,https://en.wikipedia.org/wiki/Spencer%20family,"85,918"
Edmund Coates,American Painter,https://en.wikipedia.org/wiki/Edmund%20Hillary,"85,753"
MacKay,American Painter,https://en.wikipedia.org/wiki/George%20MacKay%20%28actor%29,"84,352"
J.W. Bradshaw,American,https://en.wikipedia.org/wiki/Terry%20Bradshaw,"83,837"
Anne Allen,French Printmaker,https://en.wikipedia.org/wiki/Nancy%20Allen%20%28actress%29,"83,496"
Shaun Cassidy,British/American Sculptor,https://en.wikipedia.org/wiki/Shaun%20Cassidy,"83,359"
Giovanni Battista Piranesi,Italian Engraver,https://en.wikipedia.org/wiki/Piranesi%20%28novel%29,"82,037"
David Allan,Scottish Painter,https://en.wikipedia.org/wiki/David%20Allan%20Coe,"81,759"
Gordon Grant,American Painter,https://en.wikipedia.org/wiki/2024%20NFL%20season,"81,555"
Barbara Morgan,American Photographer,https://en.wikipedia.org/wiki/Christa%20McAuliffe,"81,332"
Richard McLean,American Painter,https://en.wikipedia.org/wiki/Killing%20of%20Tim%20McLean,"81,315"
Alan Charlton,British,https://en.wikipedia.org/wiki/Charlton%20Athletic%20F.C.,"80,974"
Zaha Hadid,Iraqi/British Architect,https://en.wikipedia.org/wiki/Zaha%20Hadid,"80,866"
Rene Auberjonois,Swiss Painter,https://en.wikipedia.org/wiki/Ren%C3%A9%20Auberjonois,"80,666"
Ronald F. Linder,American,https://en.wikipedia.org/wiki/Ron%20Goldman,"79,044"
Tsukioka Yoshitoshi,Japanese Printmaker,https://en.wikipedia.org/wiki/Y%C5%8Dkai,"78,968"
Leonid,American Painter,https://en.wikipedia.org/wiki/Leonid%20Radvinsky,"78,787"
Ben Benn,Russian/American Painter,https://en.wikipedia.org/wiki/Conor%20Benn,"78,502"
Walter I. Cox,English,https://en.wikipedia.org/wiki/Ronny%20Cox,"77,839"
Xiao Haichun,Chinese,https://en.wikipedia.org/wiki/Triassic,"77,028"
John Bennett,English/American Potter,https://en.wikipedia.org/wiki/John%20Bennett%20Ramsey,"76,705"
Edward Wolfe,South African/British Painter,https://en.wikipedia.org/wiki/Henry%20Wolfe,"76,299"
Theophile-Victor-Emile Lemmens,French Painter,https://en.wikipedia.org/wiki/Art%20Nouveau,"75,145"
Claude-Augustin Cayot,French Sculptor,https://en.wikipedia.org/wiki/Aeneid,"74,948"
Robert Crumb,American Illustrator,https://en.wikipedia.org/wiki/Robert%20Crumb,"74,934"
Edvard Munch,Norwegian Painter,https://en.wikipedia.org/wiki/Edvard%20Munch,"74,924"
James Brooks,American Painter,https://en.wikipedia.org/wiki/James%20L.%20Brooks,"73,191"
Norman Rockwell,American Illustrator,https://en.wikipedia.org/wiki/Norman%20Rockwell,"73,184"
Edward Moran,English/American,https://en.wikipedia.org/wiki/Erin%20Moran,"73,126"
Josephine Mahon,American,https://en.wikipedia.org/wiki/Josephine%20Earp,"72,624"
Suzanne Gauthier,Canadian Mixed Media Artist,https://en.wikipedia.org/wiki/List%20of%20national%20flags%20of%20sovereign%20states,"72,602"
Simon Patterson,British Conceptual Artist,https://en.wikipedia.org/wiki/Leongatha%20mushroom%20murders,"72,097"
Anna Chamberlain Freeland,American,https://en.wikipedia.org/wiki/Star%20Trek%3A%20Strange%20New%20Worlds%20season%201,"71,984"
Henry Wolf,American Engraver,https://en.wikipedia.org/wiki/Max%20Burkholder,"70,948"
Jacob Peterson,Danish Painter,https://en.wikipedia.org/wiki/Steve%20Miller%20Band,"70,242"
Brom,American Writer/Illustrator,https://en.wikipedia.org/wiki/David%20Brom,"70,120"
Juan Geuer,Dutch/Canadian Installation Artist,https://en.wikipedia.org/wiki/Juancho%20Hernang%C3%B3mez,"70,078"
William Blake,British Writer/Painter/Illustrator,https://en.wikipedia.org/wiki/Blake%20Edwards,"70,054"
Joseph Mallord William Turner,English Painter,https://en.wikipedia.org/wiki/J.%20M.%20W.%20Turner,"69,774"
Alice Worthington Ball,American Painter,https://en.wikipedia.org/wiki/Robert%20Goulet,"69,710"
Mark Napier,American Digital Artist,https://en.wikipedia.org/wiki/Billy%20Napier,"69,242"
George Nelson,American Designer/Furniture Artist,https://en.wikipedia.org/wiki/Baby%20Face%20Nelson,"68,853"
Sir Thomas Lawrence,English Painter,https://en.wikipedia.org/wiki/Princess%20Charlotte%20of%20Wales%20%281796%E2%80%931817%29,"68,776"
Emperor Qianlong,Chinese Painter,https://en.wikipedia.org/wiki/Qianlong%20Emperor,"68,067"
Richard Phillips,American Painter,https://en.wikipedia.org/wiki/Richard%20Phillips%20%28merchant%20mariner%29,"67,634"
Diego Rivera,Mexican Painter/Muralist,https://en.wikipedia.org/wiki/Diego%20Rivera,"67,345"
William Cooper,British Painter,https://en.wikipedia.org/wiki/Milton%20William%20Cooper,"66,182"
Will Barnet,American Painter,https://en.wikipedia.org/wiki/Darren%20Barnet,"66,149"
George Segal,American Sculptor,https://en.wikipedia.org/wiki/George%20Segal,"66,107"
Giovanni da Campione,Italian Sculptor,https://en.wikipedia.org/wiki/Milan%20Cathedral,"66,010"
Isaac Sheffield,American Painter,https://en.wikipedia.org/wiki/Jonathan%20Hyde,"65,943"
Len Crawford,Australian Painter,https://en.wikipedia.org/wiki/Murder%20of%20Bich%20Pan,"65,628"
John Glover,English/Australian Painter,https://en.wikipedia.org/wiki/John%20Glover%20%28actor%29,"65,539"
Peter Alexander,American,https://en.wikipedia.org/wiki/Peter%20Ustinov,"65,379"
George Cooper,English Miniaturist,https://en.wikipedia.org/wiki/List%20of%20The%20Big%20Bang%20Theory%20franchise%20characters,"64,900"
Larry Clark,American Photographer,https://en.wikipedia.org/wiki/Bully%20%282001%20film%29,"63,269"
James Cameron,Scottish/American Painter,https://en.wikipedia.org/wiki/James%20Cameron%20filmography,"63,197"
Henry Thomas Schafer,British Painter/Sculptor,https://en.wikipedia.org/wiki/Cuckoo%20%282024%20film%29,"63,112"
Chang Chi-shu,Chinese,https://en.wikipedia.org/wiki/Shu%20Qi,"62,099"
George A. Atkison,Irish,https://en.wikipedia.org/wiki/Guts%20World%20Tour,"61,839"
Raphael Collazo,American Painter,https://en.wikipedia.org/wiki/Works%20based%20on%20the%20Amityville%20haunting,"61,791"
Antoine de Saint-Exupery,French Writer/Illustrator,https://en.wikipedia.org/wiki/Antoine%20de%20Saint-Exup%C3%A9ry,"61,632"
David Silverberg,Canadian Printmaker,https://en.wikipedia.org/wiki/Weezer%20%28Blue%20Album%29,"60,894"
James Barry,Irish Painter,https://en.wikipedia.org/wiki/James%20Barry%20%28surgeon%29,"60,737"
Thomas Weaver,English Painter,https://en.wikipedia.org/wiki/Al%20Weaver,"60,677"
William Collins,British Painter,https://en.wikipedia.org/wiki/Bootsy%20Collins,"60,616"
Juan Gonzalez,Cuban/American Painter,https://en.wikipedia.org/wiki/Eli%C3%A1n%20Gonz%C3%A1lez,"59,856"
Michael Shaughnessy,American Sculptor,https://en.wikipedia.org/wiki/Charles%20Shaughnessy,"59,141"
H.R. Giger,Swiss Illustrator,https://en.wikipedia.org/wiki/H.%20R.%20Giger,"58,255"
Henri de Toulouse-Lautrec,French Painter/Printmaker,https://en.wikipedia.org/wiki/Henri%20de%20Toulouse-Lautrec,"57,884"
Robert Wilson,American,https://en.wikipedia.org/wiki/Robert%20Wilson%20%28director%29,"57,456"
John Bogle,English,https://en.wikipedia.org/wiki/John%20C.%20Bogle,"57,418"
Allen Smith,American,https://en.wikipedia.org/wiki/Disappearance%20of%20George%20Smith,"57,295"
Maud Lewis,Canadian Artist,https://en.wikipedia.org/wiki/Maud%20Lewis,"56,632"
Cyrenius Hall,American,https://en.wikipedia.org/wiki/London%2C%20Ontario,"56,604"
Robert Mapplethorpe,American Photographer,https://en.wikipedia.org/wiki/Robert%20Mapplethorpe,"56,398"
Jack Pierson,American Photographer,https://en.wikipedia.org/wiki/Kate%20Pierson,"55,851"
Grayson Perry,British Ceramicist,https://en.wikipedia.org/wiki/Grayson%20Perry,"55,848"
M.C. Escher,Dutch Illustrator,https://en.wikipedia.org/wiki/M.%20C.%20Escher,"55,819"
A.M. Randall,American Painter,https://en.wikipedia.org/wiki/Tony%20Randall,"55,667"
Kenneth Martin,British Painter/Sculptor,https://en.wikipedia.org/wiki/Ken%20Follett,"55,457"
William Payne,British Painter,https://en.wikipedia.org/wiki/Payne%20Stewart,"55,212"
Claude Calthrop,English Painter,https://en.wikipedia.org/wiki/The%20Day%20of%20the%20Jackal,"54,802"
Vincent Bertrand,French,https://en.wikipedia.org/wiki/Bertrand%20Cantat,"54,382"
Grant Wood,American Painter,https://en.wikipedia.org/wiki/Chris%20Wood%20%28footballer%2C%20born%201991%29,"53,359"
Jose Maria Lopez Mezquita,Spanish Painter,https://en.wikipedia.org/wiki/Mosque%E2%80%93Cathedral%20of%20C%C3%B3rdoba,"53,058"
Sharaf,American Painter,https://en.wikipedia.org/wiki/Sharaf%20U%20Dheen,"51,896"
F.E. North,English Painter,https://en.wikipedia.org/wiki/Persona%203,"51,873"
Charles David,French,https://en.wikipedia.org/wiki/Legion%20%28Marvel%20Comics%29,"51,287"
William Bailey,American Painter,https://en.wikipedia.org/wiki/G.%20W.%20Bailey,"51,156"
Ronald Davis,American Painter,https://en.wikipedia.org/wiki/Patti%20Davis,"50,786"
Dennis Davidson,American Painter/Illustrator,https://en.wikipedia.org/wiki/Tom%20Parker%20Bowles,"50,531"
Amedeo Modigliani,Italian Painter/Sculptor,https://en.wikipedia.org/wiki/Amedeo%20Modigliani,"50,106"
Artemisia Gentileschi,Italian Painter,https://en.wikipedia.org/wiki/Artemisia%20Gentileschi,"50,017"
Lewis MacRitchie,American,https://en.wikipedia.org/wiki/Carl%20Lewis,"49,697"
Henry Walton,British Painter,https://en.wikipedia.org/wiki/Indiana%20Jones%20%28character%29,"49,367"
Wang Chunjie,Chinese,https://en.wikipedia.org/wiki/Chinese%20New%20Year,"48,513"
Cai Dizhi,Chinese,https://en.wikipedia.org/wiki/Chinese%20New%20Year,"48,310"
Lucian Freud,German/British Painter,https://en.wikipedia.org/wiki/Lucian%20Freud,"47,456"
Charles Robinson,Illustrator,https://en.wikipedia.org/wiki/Charles%20Robinson%20%28referee%29,"47,455"
Chris Drury,Sri Lanka/British Environmental Artist,https://en.wikipedia.org/wiki/New%20York%20Rangers,"47,273"
Wu Jingting,Chinese,https://en.wikipedia.org/wiki/Bai%20Jingting,"47,146"
George Washington Mark,American,https://en.wikipedia.org/wiki/George%20Washington%20University,"47,133"
Carroll Dunham,American Painter,https://en.wikipedia.org/wiki/Carroll%20Dunham,"47,104"
Douglas Wayne Bentham,Canadian Sculptor,https://en.wikipedia.org/wiki/Jeremy%20Bentham,"47,028"
Ya Ming,Chinese,https://en.wikipedia.org/wiki/Chimera%20%28genetics%29,"46,691"
Gonzalo Cienfuegos Browne,Chilean Painter,https://en.wikipedia.org/wiki/List%20of%20people%20who%20died%20in%20traffic%20collisions,"46,602"
David Ericson,American Painter,https://en.wikipedia.org/wiki/Maya%20Soetoro-Ng,"46,418"
Annie Leibovitz,American Photographer,https://en.wikipedia.org/wiki/Annie%20Leibovitz,"46,196"
Sophie Anderson,French Painter,https://en.wikipedia.org/wiki/Sophie%20Anderson%20%28actress%29,"46,186"
Ilya Repin,Ukrainian/Russian Painter,https://en.wikipedia.org/wiki/Ivan%20the%20Terrible%20and%20His%20Son%20Ivan,"46,172"
Auguste Rodin,French Sculptor,https://en.wikipedia.org/wiki/Auguste%20Rodin,"45,962"
John Nash,British Painter,https://en.wikipedia.org/wiki/Alicia%20Nash,"45,930"
David Farquarson,Scottish Painter,https://en.wikipedia.org/wiki/Bastille%20%28band%29,"45,754"
John Bard,American Painter,https://en.wikipedia.org/wiki/Bard%20College,"45,655"
Gerald Farm,American,https://en.wikipedia.org/wiki/Gerald%20Cooper,"45,537"
Frances Hudson Storrs,American Painter,https://en.wikipedia.org/wiki/Bard%20College,"45,536"
Egon Schiele,Austrian Painter,https://en.wikipedia.org/wiki/Egon%20Schiele,"45,308"
Colin MacNee,Painter,https://en.wikipedia.org/wiki/Patrick%20Macnee,"45,047"
Buckminster Fuller,American Architect/Inventor,https://en.wikipedia.org/wiki/Buckminster%20Fuller,"45,021"
Kitty Wales,American Sculptor,https://en.wikipedia.org/wiki/Lady%20Kitty%20Spencer,"44,928"
Douglas Allen,American Illustrator,https://en.wikipedia.org/wiki/Doug%20Collins%20%28politician%29,"44,808"
John Minton,British Painter,https://en.wikipedia.org/wiki/Big%20John%20Studd,"44,765"
Jean Jacques Forty,French Painter,https://en.wikipedia.org/wiki/Jean%20Chr%C3%A9tien,"44,596"
Robert de Niro Sr.,American Painter,https://en.wikipedia.org/wiki/Robert%20De%20Niro%20Sr.,"44,584"
Rene Magritte,Belgian Painter,https://en.wikipedia.org/wiki/Ren%C3%A9%20Magritte,"44,479"
Nison Tregor,Lithuanian/American Sculptor,https://en.wikipedia.org/wiki/Oval%20Office,"43,940"
Charles Chaplin,French Painter,https://en.wikipedia.org/wiki/Charles%20Chaplin%20Jr.,"43,383"
Master of the Avignon School,French Painter,https://en.wikipedia.org/wiki/Avignon,"43,297"
John Boyne,Irish,https://en.wikipedia.org/wiki/John%20Boyne,"42,952"
Diane Arbus,American Photographer,https://en.wikipedia.org/wiki/Diane%20Arbus,"42,786"
Master S.,Flemish Engraver,https://en.wikipedia.org/wiki/Master%27s%20degree,"42,738"
Jean Cocteau,French,https://en.wikipedia.org/wiki/Jean%20Cocteau,"42,694"
James Miller,English,https://en.wikipedia.org/wiki/Mason%20Miller,"42,669"
Laurie Simmons,American Photographer/Conceptual Artist,https://en.wikipedia.org/wiki/Laurie%20Simmons,"42,535"
Albrecht Durer,German Painter/Engraver,https://en.wikipedia.org/wiki/Albrecht%20D%C3%BCrer,"42,413"
MANUAL,American,https://en.wikipedia.org/wiki/Manual%20transmission,"42,196"
Frank Gehry,Canadian/American Sculptor/Architect,https://en.wikipedia.org/wiki/Frank%20Gehry,"42,011"
Maddelena Master,American,https://en.wikipedia.org/wiki/Medici%20%28TV%20series%29,"41,855"
Edward Corbett,American Painter,https://en.wikipedia.org/wiki/Boston%20Corbett,"41,772"
Raphael,Italian Painter,https://en.wikipedia.org/wiki/Sally%20Jessy%20Raphael,"41,285"
Marisol,French Sculptor,https://en.wikipedia.org/wiki/Marisol%20Nichols,"41,273"
Maud Mary Mason,American Painter,https://en.wikipedia.org/wiki/Maud%20Adams,"40,969"
Robert Onderdonk,American Painter,https://en.wikipedia.org/wiki/Sideshow%20Bob,"40,890"
Richard Earl Thompson,American Painter,https://en.wikipedia.org/wiki/John%20Bingham%2C%207th%20Earl%20of%20Lucan,"40,766"
Master of the Tegernsee Passion,German Painter,https://en.wikipedia.org/wiki/Hans%20Frank,"40,701"
Richard Wilson,Welsh Painter,https://en.wikipedia.org/wiki/Richard%20Wilson%20%28Scottish%20actor%29,"40,522"
Douglas Martin,American Painter,https://en.wikipedia.org/wiki/Strother%20Martin,"40,424"
Charles Martin,French Illustrator,https://en.wikipedia.org/wiki/Charles%20Martin%20Smith,"40,193"
Carlos Lopez,Cuban/American Painter,https://en.wikipedia.org/wiki/Detention%20and%20deportation%20of%20American%20citizens%20in%20the%20second%20Trump%20administration,"40,042"
Joseph Cornell,American Assemblage Artist,https://en.wikipedia.org/wiki/Joseph%20Cornell,"39,693"
Louis Wain,English Illustrator,https://en.wikipedia.org/wiki/Louis%20Wain,"38,977"
Paul Sierra,Cuban/American Painter,https://en.wikipedia.org/wiki/Gregory%20Sierra,"38,943"
Alphonse Mucha,Czech Printmaker,https://en.wikipedia.org/wiki/Alphonse%20Mucha,"38,612"
Ralph Peacock,Painter,https://en.wikipedia.org/wiki/Harry%20Peacock%20%28actor%29,"38,509"
Thomas Sunderland,English,https://en.wikipedia.org/wiki/Sunderland,"38,337"
Long Tingba,Chinese,https://en.wikipedia.org/wiki/Selah%20Marley,"38,046"
I.M. Pei,Chinese Architect,https://en.wikipedia.org/wiki/I.%20M.%20Pei,"37,638"
Scott Noel,American,https://en.wikipedia.org/wiki/Scott%20Walker%20%28singer%29,"37,542"
Dale Chihuly,American Glassmaker,https://en.wikipedia.org/wiki/Dale%20Chihuly,"37,235"
Robert Riggs,American Painter/Printmaker,https://en.wikipedia.org/wiki/Bobby%20Riggs,"37,195"
Thomas Phillips,English Painter,https://en.wikipedia.org/wiki/Tip%20O%27Neill,"37,166"
William B. Ritchie,Canadian Painter,https://en.wikipedia.org/wiki/Dennis%20Ritchie,"37,097"
Julia Hart Beers,American Painter,https://en.wikipedia.org/wiki/Julia%20Duffy,"37,068"
An He,Chinese/American Painter,https://en.wikipedia.org/wiki/Heinkel%20He%20111,"37,060"
Christopher Williams,American,https://en.wikipedia.org/wiki/Christopher%20Williams%20%28singer%29,"36,971"
Takashi Murakami,Japanese,https://en.wikipedia.org/wiki/Takashi%20Murakami,"36,915"
Gutzon Borglum,American Sculptor,https://en.wikipedia.org/wiki/Gutzon%20Borglum,"36,824"
Moebius,French Illustrator,https://en.wikipedia.org/wiki/Jean%20Giraud,"36,644"
T. Davies,American,https://en.wikipedia.org/wiki/Russell%20T%20Davies,"36,621"
Bert Greer Phillips,American Painter,https://en.wikipedia.org/wiki/Dabbs%20Greer,"36,365"
Pieter Bruegel the Elder,Flemish Painter,https://en.wikipedia.org/wiki/Pieter%20Bruegel%20the%20Elder,"36,325"
Ai Weiwei,Chinese Conceptual Artist,https://en.wikipedia.org/wiki/Ai%20Weiwei,"36,259"
John Russell,English Painter,https://en.wikipedia.org/wiki/John%20Russell%20%28actor%29,"36,095"
Julian R. Seavey,American/Canadian Painter,https://en.wikipedia.org/wiki/2025%20deaths%20in%20the%20United%20States,"35,881"
George Carline,English Painter,https://en.wikipedia.org/wiki/2024%E2%80%9325%20National%20League,"35,537"
Andre Derain,French Painter/Sculptor,https://en.wikipedia.org/wiki/Fauvism,"35,070"
Anthony Green,British Painter,https://en.wikipedia.org/wiki/Anthony%20Green%20%28musician%29,"34,955"
Redmond Stephens Wright,American,https://en.wikipedia.org/wiki/The%20Godfather%20%28wrestler%29,"34,390"
Georges Seurat,French Painter,https://en.wikipedia.org/wiki/Georges%20Seurat,"34,361"
Jonathan Skelton,British Painter,https://en.wikipedia.org/wiki/Martha%20Jefferson,"34,324"
Sha Qi,Chinese Painter,https://en.wikipedia.org/wiki/Gua%20sha,"34,320"
Terry Allen,American Sculptor,https://en.wikipedia.org/wiki/Magnum%20T.%20A.,"34,215"
Rev. Richard Hume Lancaster,British,https://en.wikipedia.org/wiki/Richard%20Neville%2C%2016th%20Earl%20of%20Warwick,"33,786"
Rube Goldberg,American Illustrator/Inventor,https://en.wikipedia.org/wiki/Rube%20Goldberg,"33,719"
George Mason,English Painter,https://en.wikipedia.org/wiki/George%20Mason%20University,"33,719"
Jacques-Louis David,French Painter,https://en.wikipedia.org/wiki/Jacques-Louis%20David,"33,708"
Virginia Wattles,American,https://en.wikipedia.org/wiki/High%20Watch,"33,598"
Robert R. Malone,American,https://en.wikipedia.org/wiki/Dorothy%20Malone,"33,501"
Richard Deacon,British Sculptor,https://en.wikipedia.org/wiki/Richard%20Deacon%20%28actor%29,"33,474"
Issey Miyake,Japanese Designer,https://en.wikipedia.org/wiki/Issey%20Miyake,"33,249"
Maya Lin,American Sculptor/Architect,https://en.wikipedia.org/wiki/Maya%20Lin,"33,245"
Clara Greenleaf Perry,American,https://en.wikipedia.org/wiki/Perry%20Mason%20%282020%20TV%20series%29,"32,978"
Mihr Ali,Persian Painter,https://en.wikipedia.org/wiki/Fath-Ali%20Shah%20Qajar,"32,965"
Jan Wyck,Dutch Painter,https://en.wikipedia.org/wiki/Stuart%20Restoration,"32,950"
Jan van Eyck,Netherlandish Painter,https://en.wikipedia.org/wiki/Jan%20van%20Eyck,"32,862"
Donato Creti,Italian Painter,https://en.wikipedia.org/wiki/Great%20Red%20Spot,"32,085"
Roy Lichtenstein,American Artist,https://en.wikipedia.org/wiki/Roy%20Lichtenstein,"32,065"
Michael Carroll,American Painter/Writer,https://en.wikipedia.org/wiki/Michael%20Carroll%20%28lottery%20winner%29,"32,035"
Tracey Emin,British,https://en.wikipedia.org/wiki/Tracey%20Emin,"31,573"
Paul Graham,British Photographer,https://en.wikipedia.org/wiki/Paul%20Graham%20%28programmer%29,"31,438"
Irene Price,American,https://en.wikipedia.org/wiki/Leontyne%20Price,"31,169"
Maurice Sendak,American Writer/Illustrator,https://en.wikipedia.org/wiki/Maurice%20Sendak,"31,068"
Matthew Barney,American,https://en.wikipedia.org/wiki/Matthew%20Barney,"31,020"
Marcel Duchamp,French/American Conceptual Artist,https://en.wikipedia.org/wiki/Fountain%20%28Duchamp%29,"30,804"
John Walker,British Painter,https://en.wikipedia.org/wiki/John%20Walker%20Lindh,"30,488"
George Clare,English Painter,https://en.wikipedia.org/wiki/Alex%20Clare,"30,456"
William Wood,American,https://en.wikipedia.org/wiki/Danny%20Wood,"30,331"
Eero Saarinen,Finnish Architect,https://en.wikipedia.org/wiki/Eero%20Saarinen,"30,305"
Giuseppe Chiari,Italian Painter,https://en.wikipedia.org/wiki/Chiari%20malformation,"30,235"
Zhang Yi,Chinese,https://en.wikipedia.org/wiki/Zhang%20Yimou,"30,129"
Nicolo,Sculptor,https://en.wikipedia.org/wiki/Nicol%C3%B2%20Zaniolo,"29,593"
Ilya Utkin,Russian Architect,https://en.wikipedia.org/wiki/Dmitry%20Utkin,"29,529"
Alan Lee,British Painter/Illustrator,https://en.wikipedia.org/wiki/Marc%20Alan%20Lee,"29,528"
Steve McQueen,British Video Artist,https://en.wikipedia.org/wiki/Steve%20McQueen%20filmography,"29,418"
James B. Read,American Painter,https://en.wikipedia.org/wiki/The%20Big%20Read,"29,288"
Ludwig Mies van der Rohe,German/American Architect,https://en.wikipedia.org/wiki/Ludwig%20Mies%20van%20der%20Rohe,"29,260"
Gustave Courbet,French Painter,https://en.wikipedia.org/wiki/L%27Origine%20du%20monde,"29,245"
Andrew Wyeth,American Painter,https://en.wikipedia.org/wiki/Andrew%20Wyeth,"29,237"
Gustave Caillebotte,French Painter,https://en.wikipedia.org/wiki/Gustave%20Caillebotte,"29,229"
Dante Gabriel Rossetti,English Painter,https://en.wikipedia.org/wiki/Dante%20Gabriel%20Rossetti,"28,959"
Max Ernst,German/French Painter,https://en.wikipedia.org/wiki/Max%20Ernst,"28,905"
Alfred Eisenstaedt,German/American Photographer,https://en.wikipedia.org/wiki/V-J%20Day%20in%20Times%20Square,"28,705"
Julian Schnabel,American Painter/Filmmaker,https://en.wikipedia.org/wiki/Julian%20Schnabel,"28,387"
Jean-Baptiste-Camille Corot,French Painter,https://en.wikipedia.org/wiki/Camille%20Pissarro,"28,363"
Camille Pissarro,Caribbean/French Painter,https://en.wikipedia.org/wiki/Camille%20Pissarro,"28,305"
Mark Lewis,Canadian,https://en.wikipedia.org/wiki/Mark%20Lewis%20Jones,"28,275"
Elias M. Grossman,American,https://en.wikipedia.org/wiki/Christopher%20Poole,"28,047"
Isamu Noguchi,Japanese/American Sculptor,https://en.wikipedia.org/wiki/Isamu%20Noguchi,"28,036"
Gertrude Vanderbilt Whitney,American Sculptor,https://en.wikipedia.org/wiki/Gertrude%20Vanderbilt%20Whitney,"28,025"
Leonora Carrington,British/Mexican Painter/Writer,https://en.wikipedia.org/wiki/Leonora%20Carrington,"27,976"
